{"action":"doCronActionB","active":true,"hour":"*","id":1000000,"min":"*","type":"recurring_event","verbose":{"scheduler":0,"user_func":1}}
{"action":"doCronActionB","active":true,"hour":"*","id":1000001,"min":"*","type":"recurring_event","verbose":{"scheduler":0,"user_func":1}}
{"action":"doCronActionB","active":true,"hour":"*","id":1000002,"min":"*","type":"recurring_event","verbose":{"scheduler":0,"user_func":1}}
{"action":"doCronActionB","active":true,"hour":"*","id":1001000,"min":"*","type":"recurring_event","verbose":{"scheduler":0,"user_func":1}}
{"action":"doCronActionB","active":true,"hour":"*","id":1001001,"min":"*","type":"recurring_event","verbose":{"scheduler":0,"user_func":1}}
{"action":"doCronActionB","active":true,"hour":"*","id":1001002,"min":"*","type":"recurring_event","verbose":{"scheduler":0,"user_func":1}}
{"action":"doCronActionB","active":true,"hour":"*","id":1002000,"min":"*","type":"recurring_event","verbose":{"scheduler":0,"user_func":1}}
{"action":"doCronActionB","active":true,"hour":"*","id":1002001,"min":"*","type":"recurring_event","verbose":{"scheduler":0,"user_func":1}}
{"action":"doCronActionB","active":true,"hour":"*","id":1002002,"min":"*","type":"recurring_event","verbose":{"scheduler":0,"user_func":1}}
{"action":"doCronActionB","active":true,"hour":"*","id":1003000,"min":"*","type":"recurring_event","verbose":{"scheduler":0,"user_func":1}}
{"action":"doCronActionB","active":true,"hour":"*","id":1003001,"min":"*","type":"recurring_event","verbose":{"scheduler":0,"user_func":1}}
{"action":"doCronActionB","active":true,"hour":"*","id":1003002,"min":"*","type":"recurring_event","verbose":{"scheduler":0,"user_func":1}}
{"action":"doCronActionB","active":true,"hour":"*","id":1004000,"min":"*","type":"recurring_event","verbose":{"scheduler":0,"user_func":1}}
{"action":"doCronActionB","active":true,"hour":"*","id":1004001,"min":"*","type":"recurring_event","verbose":{"scheduler":0,"user_func":1}}
{"action":"doCronActionB","active":true,"hour":"*","id":1004002,"min":"*","type":"recurring_event","verbose":{"scheduler":0,"user_func":1}}
{"action":"doCronActionB","active":true,"hour":"*","id":1005000,"min":"*","type":"recurring_event","verbose":{"scheduler":0,"user_func":1}}
{"action":"doCronActionB","active":true,"hour":"*","id":1005001,"min":"*","type":"recurring_event","verbose":{"scheduler":0,"user_func":1}}
{"action":"doCronActionB","active":true,"hour":"*","id":1005002,"min":"*","type":"recurring_event","verbose":{"scheduler":0,"user_func":1}}
{"action":"doCronActionB","active":true,"hour":"*","id":1006000,"min":"*","type":"recurring_event","verbose":{"scheduler":0,"user_func":1}}
{"action":"doCronActionB","active":true,"hour":"*","id":1006001,"min":"*","type":"recurring_event","verbose":{"scheduler":0,"user_func":1}}
{"action":"doCronActionB","active":true,"hour":"*","id":1006002,"min":"*","type":"recurring_event","verbose":{"scheduler":0,"user_func":1}}
{"action":"doCronActionB","active":true,"hour":"*","id":1007000,"min":"*","type":"recurring_event","verbose":{"scheduler":0,"user_func":1}}
{"action":"doCronActionB","active":true,"hour":"*","id":1007001,"min":"*","type":"recurring_event","verbose":{"scheduler":0,"user_func":1}}
{"action":"doCronActionB","active":true,"hour":"*","id":1007002,"min":"*","type":"recurring_event","verbose":{"scheduler":0,"user_func":1}}
{"action":"doCronActionB","active":true,"hour":"*","id":1008000,"min":"*","type":"recurring_event","verbose":{"scheduler":0,"user_func":1}}
{"action":"doCronActionB","active":true,"hour":"*","id":1008001,"min":"*","type":"recurring_event","verbose":{"scheduler":0,"user_func":1}}
{"action":"doCronActionB","active":true,"hour":"*","id":1008002,"min":"*","type":"recurring_event","verbose":{"scheduler":0,"user_func":1}}
{"action":"doCronActionB","active":true,"hour":"*","id":1009000,"min":"*","type":"recurring_event","verbose":{"scheduler":0,"user_func":1}}
{"action":"doCronActionB","active":true,"hour":"*","id":1009001,"min":"*","type":"recurring_event","verbose":{"scheduler":0,"user_func":1}}
{"action":"doCronActionB","active":true,"hour":"*","id":1009002,"min":"*","type":"recurring_event","verbose":{"scheduler":0,"user_func":1}}
{"action":"doCronActionB","active":true,"hour":"*","id":1010000,"min":"*","type":"recurring_event","verbose":{"scheduler":0,"user_func":1}}
{"action":"doCronActionB","active":true,"hour":"*","id":1010001,"min":"*","type":"recurring_event","verbose":{"scheduler":0,"user_func":1}}
